{"cameraMode":{"drawMode":0,"name":"Shaded","section":"Shading Mode"},"sceneLighting":true,"audioPlay":false,"sceneViewState":{"m_AlwaysRefresh":false,"showFog":true,"showSkybox":true,"showFlares":true,"showImageEffects":true,"showParticleSystems":true,"showVisualEffectGraphs":true,"m_FxEnabled":true},"in2DMode":false,"pivot":{"x":353.9482727050781,"y":129.5892791748047,"z":-227.1002655029297},"rotation":{"x":-0.1252647340297699,"y":0.038678087294101718,"z":0.004887044429779053,"w":0.991361677646637},"size":18.519447326660158,"orthographic":false}